{
  "model_version": "logreg_v2",
  "features": [
    "ret_15s",
    "ret_30s",
    "ret_60s",
    "rolling_vol_60s",
    "rsi_14",
    "dist_to_strike",
    "ma_12_gap",
    "time_to_expiry_sec",
    "up_mid",
    "up_spread",
    "down_spread",
    "book_imbalance_up",
    "book_imbalance_down",
    "up_mid_ret_30s",
    "depth_ratio"
  ],
  "coef": [
    -0.16970586979547142,
    0.09545694503895243,
    -0.15967945178743753,
    0.37475114598659015,
    0.23044469498311446,
    1.0694900895614778,
    0.02043132105642714,
    -0.12476352666643892,
    0.4781104844156534,
    -0.035495562988646874,
    -0.12167676992541619,
    0.08786798767164254,
    -0.22179262424054547,
    -0.11538815539607886,
    -0.3516304039971992
  ],
  "intercept": 0.08426090312187887
}