{
  "model_version": "logreg_v4",
  "features": [
    "time_to_expiry",
    "ret_5s",
    "ret_15s",
    "ret_30s",
    "ret_60s",
    "ret_180s",
    "vol_15s",
    "vol_30s",
    "vol_60s",
    "vol_ratio_15_60",
    "volume_surge_ratio",
    "vwap_deviation",
    "cvd_60s",
    "rsi_14",
    "td_setup_net",
    "spread",
    "ob_imbalance",
    "ob_cross_imbalance"
  ],
  "n_train_rows": 8525,
  "n_train_slots": 259,
  "n_valid_rows": 2196,
  "n_valid_slots": 65,
  "valid_accuracy": 0.668488160291439,
  "valid_brier": 0.20700546695994912,
  "valid_brier_raw": 0.22577235693043007,
  "slot_accuracy": 0.7384615384615385,
  "coef": [
    0.016197627017034578,
    -0.03998113938996871,
    0.02250183054198363,
    -0.013127859113871817,
    -0.10355067960938494,
    0.7226596070372636,
    -0.1781532773528816,
    -0.02218577091818216,
    0.08971135770785849,
    0.08433481405923116,
    0.005298474694919927,
    0.07646778966207537,
    0.29809182252077726,
    0.0022412123409165053,
    0.05246311096723223,
    0.04374548412838005,
    -0.10598421523663036,
    0.00036594267352698317
  ],
  "intercept": -0.46689382117142275,
  "calibrated": true
}